sigma_lam,max_abs_gap,rel_gap
0.0,0.0006202704520155422,0.0050120320303037764
0.1,5.608380881753569e-05,0.0004531794884981541
